Workbook

Sheet Bug Report
A1: Website Bug Report
A3: Bug ID | B3: Date Reported | C3: Reporter | D3: Page / URL | E3: Area / Feature | F3: Bug Title | G3: Description | H3: Steps to Reproduce | I3: Expected Result | J3: Actual Result | K3: Severity | L3: Priority | M3: Status | N3: Browser / Device | O3: Evidence / Screenshot Link
A4: BUG-001 | B4: 46243 | C4: Your Name | D4: https://example.com/checkout | E4: Checkout | F4: Checkout button does not respond | G4: Clicking the checkout button does not continue to the payment step. | H4: 1. Open cart 2. Add an item 3. Click Checkout | I4: User should proceed to the payment page. | J4: Nothing happens after clicking Checkout. | K4: High | L4: High | M4: Open | N4: Chrome 127 / Windows 11
A5: BUG-002 | B5: 46244 | C5: Zonda Attila | D5: https://cm.getmytestdomain.com/ | E5: Front page /Subscriptions | F5: Register now Button missing from "FIRST TIME PACKAGE" | G5: No interractable button on the First time package "register now" | H5: 1.Open Link 2. Scroll down to Subscriptions area | I5: User should have a button inside the first package card which says REGISTER NOW | J5: Missing Register NOW button | K5: Low | L5: Low | M5: Open | N5: Chrome 127 / Windows 11 | O5: https://imgur.com/a/mqyg6eu
A6: BUG-003 | B6: 46245 | C6: Zonda Attila | D6: https://cm.getmytestdomain.com/ | E6: Front page /Subscriptions | F6: Missing Shrink Animation Register now button | G6: Starter package card has a button REGISTER NOW which does not follow the same animation like the other two cards does | H6: 1.Open Link 2. Scroll down to Subscriptions area 3.Hower with mouse cursor over the REGISTER NOW button | I6: The user should have the experience of the shrink animation like on the rest of the Register now buttons | J6: Nothing happens if you hover over the REGISTER NOW button inside STARTER PAKCAGE CARD | K6: Low | L6: Low | M6: Open | N6: Chrome 127 / Windows 11
A7: BUG-004 | B7: 46246 | C7: Zonda Attila | D7: https://cm.getmytestdomain.com/ | E7: Front page /Subscriptions | F7: Text and background almos has same colors | G7: FIRST TIME PACKAGE , POWER PACKAGE, MASTER PAKCAGE: text color style="color: rgb(227, 226, 226);" background: rgb(255, 255, 255) The two colors almost identical | H7: 1.Open Link 2. Scroll down to Subscriptions area 3.Check the text and backgrond color inside Dev tool | I7: The user should have a clean and easily readable text | J7: The text is blurry not visible enough hard to distinguish for the human eye | K7: Low | L7: Medium | M7: Open | N7: Chrome 127 / Windows 11 | O7: https://imgur.com/6BqxBEo
A8: BUG-005 | B8: 46247 | C8: Zonda Attila | D8: https://cm.getmytestdomain.com/ | E8: Front page / Video Courses | F8: WE RECOMMEND TEXT POSITION | G8: The text WE RECOMMEND is slightly inside the video Banner | H8: 1.Open Link 2. Scroll down to Video Courses 3. Check the text "WE RECOMMEND" | I8: The user should have a clean and easily readable text | J8: The text is cut halfway through horizontally | K8: Low | L8: Low | M8: Open | N8: Chrome 127 / Windows 11 | O8: https://imgur.com/zzDCMDS
A9: BUG-006 | B9: 46248 | C9: Zonda Attila | D9: https://cm.getmytestdomain.com/ | E9: Front page / Video Courses | F9: VIDEO BANNER MISSING THUMBNAILS AND BORDER | G9: Video banner has missing Thumbnails and borders everything falls into one shape | H9: 1.Open Link 2. Scroll down to Video Courses 3. Check the video banner | I9: The user should have a clean experience accesing the videos 1 by 1 and a thumbnail preview | J9: The videos are hard to be distinguished and dificult interacting with them | K9: Low | L9: Medium | M9: Open | N9: Chrome 127 / Windows 11 | O9: https://imgur.com/hjHIK93
A10: BUG-007 | B10: 46249 | C10: Zonda Attila | D10: https://cm.getmytestdomain.com/ | E10: Front Page / Articles | F10: 404 |Not Found | G10: Interecting with each card inside Article sections pops an error 404 | H10: 1.Open Link 2. Scroll down Articles 3. Interact with each card | I10: The user should be redirected based on their choice to the right article | J10: clicking on any of the articles user ends up with an error "404 |Not Found" | K10: Medium | L10: High | M10: Open | N10: Chrome 127 / Windows 11 | O10: https://imgur.com/Q0sjfdA
A11: BUG-008 | B11: 46250 | C11: Zonda Attila | D11: https://cm.getmytestdomain.com/ | E11: Front Page / Articles | F11: Wrong article redirect | G11: Interacting with the article "TOP 10 BEGINNER TIPS FOR THE BEST RESULTS" Redirects the user to the Login page | H11: 1.Open Link 2. Scroll down Articles 3. Interact with article TOP 10 BEGINNER TIPS FOR THE BEST RESULTS | I11: The user should be redirected to the right article | J11: User ends up on the login page | K11: Medium | L11: High | M11: Open | N11: Chrome 127 / Windows 11 | O11: https://imgur.com/2FOy18W
A12: BUG-009 | B12: 46251 | C12: Zonda Attila | D12: https://cm.getmytestdomain.com/ | E12: SIGN UP / Personal information | F12: Email input field restricted to numeric values only | G12: Email field incorrectly accepts only integer/numeric input instead of text/alphanumeric format therefore blocks the registration process | H12: 1.Open Link 2.Click on Sign Up 3. Under Personal Information click Email field and start typing text | I12: The user should be allowed to type in their email address | J12: The Email field accepts only numeric/integer characters. Users are unable to enter letters or a valid email address format such as name@example.com | K12: Critical | L12: Urgent | M12: Open | N12: Chrome 127 / Windows 11
A13: BUG-010 | B13: 46252 | C13: Zonda Attila | D13: https://cm.getmytestdomain.com/ | E13: SIGN UP / Personal information | F13: Re-enter password missing | G13: There is no field upon registration which ask the user to repeat the password | H13: 1.Open Link 2.Click on Sign Up 3. Under Personal Information missing field "repeat password" | I13: The user should have a field to repeat the password upon registration because it reduces the chance of misspelling | J13: The User might enter the password worng or with extra characters and the sistem gives no warning of the missmatch | K13: High | L13: High | M13: Open | N13: Chrome 127 / Windows 11
A14: BUG-011 | B14: 46253 | C14: Zonda Attila | D14: https://cm.getmytestdomain.com/ | E14: SIGN UP / Payment Methods | F14: Cardholder Name field incorrectly accepts numeric/integer input | G14: Cardholder Name field accepts numeric characters instead of restricting input to valid name text. | H14: 1.Open Link 2.Click on Sign Up 3.Under payment methods interact with card holder name field input int | I14: The user should not be allowed to type in numeric values | J14: The Cardholder Name field accepts numeric values, allowing entries such as 12345 | K14: Low | L14: Low | M14: Open | N14: Chrome 127 / Windows 11
A15: BUG-012 | B15: 46254 | C15: Zonda Attila | D15: https://cm.getmytestdomain.com/ | E15: SIGN UP / Payment Methods | F15: Card expiration shows 3 months total | G15: The drop down shows only 3 months total | H15: 1.Open Link 2.Click on Sign Up 3.Under payment methods interact with box Month click on dropdown | I15: The user should be able to pick 1 out of 12 months total | J15: Only 01, 02, 03 can be picked | K15: Critical | L15: Urgent | M15: Open | N15: Chrome 127 / Windows 11 | O15: https://imgur.com/oJdR7Px
A16: BUG-012 | B16: 46254 | C16: Zonda Attila | D16: https://cm.getmytestdomain.com/ | E16: SIGN UP / Payment Methods | F16: Card year shows up to 2023 | G16: The drop down shows up to 2023 only | H16: 1.Open Link 2.Click on Sign Up 3.Under payment methods interact with box Year click on dropdown | I16: The user should be able to pick years up to 2030 at least since we are in 2026 | J16: Maximum year available is 2023 | K16: High | L16: High | M16: Open | N16: Chrome 127 / Windows 11 | O16: https://imgur.com/VmE7Rfd
A17: BUG-013 | B17: 46255 | C17: Zonda Attila | D17: https://cm.getmytestdomain.com/ | E17: SIGN UP / Payment Methods | F17: CVV is not limited to 3 or 4 digits | G17: Input field card security code digits are not limited to 3 or 4 digits only a warning message which says "CVV should be 3 or 4 digits" | H17: 1.Open Link 2.Click on Sign Up 3.Under payment methods interact with box CVV 4.Type in more then 4 digits | I17: The user should be limited to 3 4 digits maximum | J17: The user should not be allowed to enter more then 3 / 4 digits total | K17: Medium | L17: Medium | M17: Open | N17: Chrome 127 / Windows 11 | O17: https://imgur.com/xuD9KeY
A18: BUG-014 | B18: 46256 | C18: Zonda Attila | D18: https://cm.getmytestdomain.com/ | E18: SIGN UP / Choose subscription plan | F18: incorrect Text of "This membership fee permits one weak of access to the full website of testtitle.com" | G18: The text should change based on the supbscription plan selected | H18: 1.Open Link 2.Click on Sign Up 3.Under text Sign up for access to website 4.Click on each plan individualy | I18: The user should see the correct txt based on their choice of subscription | J18: The text does not change | K18: Medium | L18: Medium | M18: Open | N18: Chrome 127 / Windows 11 | O18: https://imgur.com/EfWBGSB
A19: BUG-015 | B19: 46257 | C19: Zonda Attila | D19: https://cm.getmytestdomain.com/ | E19: SIGN UP / Payment Information Banner | F19: Text and background almos has same colors | G19: text color style="color: rgb(227, 226, 226);" background: rgb(255, 255, 255) The two colors almost identical | H19: 1.Open Link 2.Click on Sign Up 3.Check the information banner under the Signup section | I19: The user should have a clean and easily readable text | J19: The text is blurry not visible enough hard to distinguish for the human eye | K19: Low | L19: Medium | M19: Open | N19: Chrome 127 / Windows 11 | O19: https://imgur.com/h3UzUVe
A20: BUG-016 | B20: 46258 | C20: Zonda Attila | D20: https://cm.getmytestdomain.com/ | E20: Front page / Navigation bar | F20: Navigation menu links incorrectly redirect to the homepage | G20: Clicking navigation items such as Video Courses, Articles, or Contact redirects the user back to the homepage instead of the selected page. | H20: 1.Open Link 3.Clicking navigation items such as Video Courses, Articles, or Contact | I20: Each navigation link should open its corresponding page. | J20: All navigation links redirect to the front/home page | K20: High | L20: Urgent | M20: Open | N20: Chrome 127 / Windows 11
A21: =IF(B21="","","BUG-"&TEXT(ROW()-4,"000"))
A22: =IF(B22="","","BUG-"&TEXT(ROW()-4,"000"))
A23: =IF(B23="","","BUG-"&TEXT(ROW()-4,"000"))
A24: =IF(B24="","","BUG-"&TEXT(ROW()-4,"000"))
A25: =IF(B25="","","BUG-"&TEXT(ROW()-4,"000"))
A26: =IF(B26="","","BUG-"&TEXT(ROW()-4,"000"))
A27: =IF(B27="","","BUG-"&TEXT(ROW()-4,"000"))
A28: =IF(B28="","","BUG-"&TEXT(ROW()-4,"000"))
A29: =IF(B29="","","BUG-"&TEXT(ROW()-4,"000"))
A30: =IF(B30="","","BUG-"&TEXT(ROW()-4,"000"))
A31: =IF(B31="","","BUG-"&TEXT(ROW()-4,"000"))
A32: =IF(B32="","","BUG-"&TEXT(ROW()-4,"000"))
... A203: =IF(B203="","","BUG-"&TEXT(ROW()-4,"000"))

Sheet Summary
A1: Bug Report Summary
A3: Total Bugs | B3: =COUNTIF('Bug Report'!B4:B203,"<>") -> 17 | D3: Severity | E3: Count
A4: Open | B4: =COUNTIF('Bug Report'!M4:M203,"Open") -> 17 | D4: Critical | E4: =COUNTIF('Bug Report'!K4:K203,D4) -> 2
A5: In Progress | B5: =COUNTIF('Bug Report'!M4:M203,"In Progress") -> 0 | D5: High | E5: =COUNTIF('Bug Report'!K4:K203,D5) -> 4
A6: Blocked | B6: =COUNTIF('Bug Report'!M4:M203,"Blocked") -> 0 | D6: Medium | E6: =COUNTIF('Bug Report'!K4:K203,D6) -> 4
A7: Closed | B7: =COUNTIF('Bug Report'!M4:M203,"Closed") -> 0 | D7: Low | E7: =COUNTIF('Bug Report'!K4:K203,D7) -> 7
A8: Critical | B8: =COUNTIF('Bug Report'!K4:K203,"Critical") -> 2
A9: High | B9: =COUNTIF('Bug Report'!K4:K203,"High") -> 4
A10: Medium | B10: =COUNTIF('Bug Report'!K4:K203,"Medium") -> 4
A11: Low | B11: =COUNTIF('Bug Report'!K4:K203,"Low") -> 7
